<metadata xml:lang="en">
	<Esri>
		<MetaID>{1D49E871-B510-4D2B-A02F-E6930DA15405}</MetaID>
		<CreaDate>20090425</CreaDate>
		<CreaTime>11112700</CreaTime>
		<SyncOnce>FALSE</SyncOnce>
		<DataProperties>
			<lineage>
				<Process Name="ASCIIToRaster_1" ToolSource="C:\Program Files\ArcGIS\ArcToolbox\Toolboxes\Conversion Tools.tbx\ASCIIToRaster" Date="20090425" Time="111127">ASCIIToRaster "D:\b3 dem\DEM_3224.txt" "D:\01_406 BATCH-3 P-1 DEM\3224.gdb\DEM_3224" FLOAT</Process>
				<Process Name="DefineProjection_9" ToolSource="C:\Program Files\ArcGIS\ArcToolbox\Toolboxes\Data Management Tools.tbx\DefineProjection" Date="20090425" Time="152312">DefineProjection "D:\01_406 BATCH-3 P-1 DEM\3224.gdb\DEM_3224" {B286C06B-0879-11D2-AACA-00C04FA33C20} "D:\01_406 BATCH-3 P-1 DEM\3224.gdb\DEM_3224"</Process>
				<Process Name="DefineProjection_1" ToolSource="C:\Program Files\ArcGIS\ArcToolbox\Toolboxes\Data Management Tools.tbx\DefineProjection" Date="20090430" Time="105953">DefineProjection "E:\DEM error Projection\3224.gdb\DEM_3224" PROJCS['NAD_1983_UTM_Zone_15N',GEOGCS['GCS_North_American_1983',DATUM['D_North_American_1983',SPHEROID['GRS_1980',6378137.0,298.257222101]],PRIMEM['Greenwich',0.0],UNIT['Degree',0.0174532925199433]],PROJECTION['Transverse_Mercator'],PARAMETER['False_Easting',500000.0],PARAMETER['False_Northing',0.0],PARAMETER['Central_Meridian',-93.0],PARAMETER['Scale_Factor',0.9996],PARAMETER['Latitude_Of_Origin',0.0],UNIT['Meter',1.0]],VERTCS['NAVD_1988',VDATUM['North_American_Vertical_Datum_1988'],PARAMETER['Vertical_Shift',0.0],PARAMETER['Direction',1.0],UNIT['Foot_US',0.3048006096012192]] "E:\DEM error Projection\3224.gdb\DEM_3224"</Process>
				<Process ToolSource="c:\program files (x86)\arcgis\desktop10.2\ArcToolbox\Toolboxes\Data Management Tools.tbx\BuildPyramids" Date="20140616" Time="184141">BuildPyramids 4342-19-56.gdb/dem_1m_m 0 NONE NEAREST DEFAULT 75 OVERWRITE</Process>
				<Process ToolSource="C:\program files\arcgis\server\ArcToolbox\Toolboxes\Data Management Tools.tbx\CopyRaster" Date="20200925" Time="103015">CopyRaster 4342-19-56.gdb/dem_1m_m lidar.gdb\dem_1m_m # # -3.402823e+038 NONE NONE # NONE NONE "Esri Grid" NONE</Process>
				<Process ToolSource="C:\program files\arcgis\server\ArcToolbox\Toolboxes\Data Management Tools.tbx\Append" Date="20200925" Time="103021">Append 4342-19-57.gdb/dem_1m_m lidar.gdb/dem_1m_m TEST # #</Process>
				<Process ToolSource="C:\program files\arcgis\server\ArcToolbox\Toolboxes\Data Management Tools.tbx\CopyRaster" Date="20200925" Time="103023">CopyRaster lidar.gdb/dem_1m_m .\dem_1m_m.bil # # -3.402823e+038 NONE NONE # NONE NONE "Esri BIL" NONE</Process>
			</lineage>
			<itemProps>
				<itemName Sync="TRUE">dem_1m_m.bil</itemName>
				<imsContentType Sync="TRUE">002</imsContentType>
				<nativeExtBox>
					<westBL Sync="TRUE">557185.967000</westBL>
					<eastBL Sync="TRUE">562192.967000</eastBL>
					<southBL Sync="TRUE">4917243.187000</southBL>
					<northBL Sync="TRUE">4920759.187000</northBL>
					<exTypeCode Sync="TRUE">1</exTypeCode>
				</nativeExtBox>
				<itemLocation>
					<linkage Sync="TRUE">file://Z:\var\ftp\mntopo\I0ARKm\dem_1m_m.bil</linkage>
					<protocol Sync="TRUE">Local Area Network</protocol>
				</itemLocation>
			</itemProps>
			<coordRef>
				<type Sync="TRUE">Projected</type>
				<geogcsn Sync="TRUE">GCS_North_American_1983</geogcsn>
				<csUnits Sync="TRUE">Linear Unit: Meter (1.000000)</csUnits>
				<projcsn Sync="TRUE">NAD_1983_UTM_Zone_15N</projcsn>
				<peXml Sync="TRUE">&lt;ProjectedCoordinateSystem xsi:type='typens:ProjectedCoordinateSystem' xmlns:xsi='http://www.w3.org/2001/XMLSchema-instance' xmlns:xs='http://www.w3.org/2001/XMLSchema' xmlns:typens='http://www.esri.com/schemas/ArcGIS/10.4'&gt;&lt;WKT&gt;PROJCS[&amp;quot;NAD_1983_UTM_Zone_15N&amp;quot;,GEOGCS[&amp;quot;GCS_North_American_1983&amp;quot;,DATUM[&amp;quot;D_North_American_1983&amp;quot;,SPHEROID[&amp;quot;GRS_1980&amp;quot;,6378137.0,298.257222101]],PRIMEM[&amp;quot;Greenwich&amp;quot;,0.0],UNIT[&amp;quot;Degree&amp;quot;,0.0174532925199433]],PROJECTION[&amp;quot;Transverse_Mercator&amp;quot;],PARAMETER[&amp;quot;False_Easting&amp;quot;,500000.0],PARAMETER[&amp;quot;False_Northing&amp;quot;,0.0],PARAMETER[&amp;quot;Central_Meridian&amp;quot;,-93.0],PARAMETER[&amp;quot;Scale_Factor&amp;quot;,0.9996],PARAMETER[&amp;quot;Latitude_Of_Origin&amp;quot;,0.0],UNIT[&amp;quot;Meter&amp;quot;,1.0],AUTHORITY[&amp;quot;EPSG&amp;quot;,26915]],VERTCS[&amp;quot;NAVD_1988&amp;quot;,VDATUM[&amp;quot;North_American_Vertical_Datum_1988&amp;quot;],PARAMETER[&amp;quot;Vertical_Shift&amp;quot;,0.0],PARAMETER[&amp;quot;Direction&amp;quot;,1.0],UNIT[&amp;quot;Foot_US&amp;quot;,0.3048006096012192]]&lt;/WKT&gt;&lt;XOrigin&gt;-5120900&lt;/XOrigin&gt;&lt;YOrigin&gt;-9998100&lt;/YOrigin&gt;&lt;XYScale&gt;450445547.3910538&lt;/XYScale&gt;&lt;ZOrigin&gt;-100000&lt;/ZOrigin&gt;&lt;ZScale&gt;3048.0060960121923&lt;/ZScale&gt;&lt;MOrigin&gt;-100000&lt;/MOrigin&gt;&lt;MScale&gt;10000&lt;/MScale&gt;&lt;XYTolerance&gt;0.001&lt;/XYTolerance&gt;&lt;ZTolerance&gt;0.0032808333333333331&lt;/ZTolerance&gt;&lt;MTolerance&gt;0.001&lt;/MTolerance&gt;&lt;HighPrecision&gt;true&lt;/HighPrecision&gt;&lt;WKID&gt;26915&lt;/WKID&gt;&lt;LatestWKID&gt;26915&lt;/LatestWKID&gt;&lt;/ProjectedCoordinateSystem&gt;</peXml>
			</coordRef>
			<RasterProperties>
				<General>
					<PixelDepth Sync="TRUE">32</PixelDepth>
					<HasColormap Sync="TRUE">FALSE</HasColormap>
					<CompressionType Sync="TRUE">None</CompressionType>
					<NumBands Sync="TRUE">1</NumBands>
					<Format Sync="TRUE">BIL</Format>
					<HasPyramids Sync="TRUE">FALSE</HasPyramids>
					<SourceType Sync="TRUE">continuous</SourceType>
					<PixelType Sync="TRUE">floating point</PixelType>
					<NoDataValue Sync="TRUE">-3.4028231e+038</NoDataValue>
				</General>
			</RasterProperties>
		</DataProperties>
		<SyncDate>20200925</SyncDate>
		<SyncTime>10302300</SyncTime>
		<ModDate>20200925</ModDate>
		<ModTime>10302300</ModTime>
	</Esri>
	<idinfo>
		<native Sync="TRUE">Microsoft Windows XP Version 5.1 (Build 2600) Service Pack 2; ESRI ArcCatalog 9.2.0.1324</native>
		<descript>
			<langdata Sync="TRUE">en</langdata>
			<abstract>REQUIRED: A brief narrative summary of the data set.</abstract>
			<purpose>REQUIRED: A summary of the intentions with which the data set was developed.</purpose>
		</descript>
		<citation>
			<citeinfo>
				<origin>REQUIRED: The name of an organization or individual that developed the data set.</origin>
				<pubdate>REQUIRED: The date when the data set is published or otherwise made available for release.</pubdate>
				<title Sync="TRUE">DEM_3224</title>
				<ftname Sync="TRUE">DEM_3224</ftname>
				<geoform Sync="TRUE">Fgdb raster digital data</geoform>
				<onlink Sync="TRUE">\\GIS-4\Share\406_Batch3\QC\30th_2subm\3224.gdb</onlink>
			</citeinfo>
		</citation>
		<timeperd>
			<current>REQUIRED: The basis on which the time period of content information is determined.</current>
			<timeinfo>
				<sngdate>
					<caldate>REQUIRED: The year (and optionally month, or month and day) for which the data set corresponds to the ground.</caldate>
				</sngdate>
			</timeinfo>
		</timeperd>
		<status>
			<progress>REQUIRED: The state of the data set.</progress>
			<update>REQUIRED: The frequency with which changes and additions are made to the data set after the initial data set is completed.</update>
		</status>
		<spdom>
			<bounding>
				<westbc Sync="TRUE">-92.281810</westbc>
				<eastbc Sync="TRUE">-92.249787</eastbc>
				<northbc Sync="TRUE">44.437664</northbc>
				<southbc Sync="TRUE">44.406017</southbc>
			</bounding>
			<lboundng>
				<leftbc Sync="TRUE">557185.967000</leftbc>
				<rightbc Sync="TRUE">559703.967000</rightbc>
				<bottombc Sync="TRUE">4917243.187000</bottombc>
				<topbc Sync="TRUE">4920736.187000</topbc>
			</lboundng>
		</spdom>
		<keywords>
			<theme>
				<themekt>REQUIRED: Reference to a formally registered thesaurus or a similar authoritative source of theme keywords.</themekt>
				<themekey>REQUIRED: Common-use word or phrase used to describe the subject of the data set.</themekey>
			</theme>
		</keywords>
		<accconst>REQUIRED: Restrictions and legal prerequisites for accessing the data set.</accconst>
		<useconst>REQUIRED: Restrictions and legal prerequisites for using the data set after access is granted.</useconst>
		<natvform Sync="TRUE">File Geodatabase Raster Dataset</natvform>
	</idinfo>
	<dataIdInfo>
		<envirDesc Sync="TRUE">Microsoft Windows XP Professional x64 Edition Version 5.2 (Build 3790) Service Pack 2; Esri ArcGIS 10.4.1.5686</envirDesc>
		<dataLang>
			<languageCode Sync="TRUE" value="en"/>
			<countryCode value="US" Sync="TRUE"/>
		</dataLang>
		<idCitation>
			<resTitle Sync="TRUE">dem_1m_m.bil</resTitle>
			<presForm>
				<PresFormCd value="005" Sync="TRUE"/>
			</presForm>
		</idCitation>
		<dataExt>
			<geoEle>
				<GeoBndBox esriExtentType="native">
					<westBL Sync="TRUE">557185.967</westBL>
					<eastBL Sync="TRUE">559703.967</eastBL>
					<northBL Sync="TRUE">4920736.187</northBL>
					<southBL Sync="TRUE">4917243.187</southBL>
					<exTypeCode Sync="TRUE">1</exTypeCode>
				</GeoBndBox>
			</geoEle>
		</dataExt>
		<geoBox esriExtentType="decdegrees">
			<westBL Sync="TRUE">-92.28181</westBL>
			<eastBL Sync="TRUE">-92.249787</eastBL>
			<northBL Sync="TRUE">44.437664</northBL>
			<southBL Sync="TRUE">44.406017</southBL>
			<exTypeCode Sync="TRUE">1</exTypeCode>
		</geoBox>
		<spatRpType>
			<SpatRepTypCd value="002" Sync="TRUE"/>
		</spatRpType>
		<dataExt>
			<geoEle>
				<GeoBndBox esriExtentType="search">
					<exTypeCode Sync="TRUE">1</exTypeCode>
					<westBL Sync="TRUE">-92.281810</westBL>
					<eastBL Sync="TRUE">-92.218512</eastBL>
					<northBL Sync="TRUE">44.437871</northBL>
					<southBL Sync="TRUE">44.405807</southBL>
				</GeoBndBox>
			</geoEle>
		</dataExt>
	</dataIdInfo>
	<metainfo>
		<langmeta Sync="TRUE">en</langmeta>
		<metstdn Sync="TRUE">FGDC Content Standards for Digital Geospatial Metadata</metstdn>
		<metstdv Sync="TRUE">FGDC-STD-001-1998</metstdv>
		<mettc Sync="TRUE">local time</mettc>
		<metc>
			<cntinfo>
				<cntorgp>
					<cntper>REQUIRED: The person responsible for the metadata information.</cntper>
					<cntorg>REQUIRED: The organization responsible for the metadata information.</cntorg>
				</cntorgp>
				<cntaddr>
					<addrtype>REQUIRED: The mailing and/or physical address for the organization or individual.</addrtype>
					<city>REQUIRED: The city of the address.</city>
					<state>REQUIRED: The state or province of the address.</state>
					<postal>REQUIRED: The ZIP or other postal code of the address.</postal>
				</cntaddr>
				<cntvoice>REQUIRED: The telephone number by which individuals can speak to the organization or individual.</cntvoice>
			</cntinfo>
		</metc>
		<metd Sync="TRUE">20090430</metd>
	</metainfo>
	<mdLang>
		<languageCode Sync="TRUE" value="en"/>
		<countryCode value="US" Sync="TRUE"/>
	</mdLang>
	<mdStanName Sync="TRUE">ISO 19115 Geographic Information - Metadata</mdStanName>
	<mdStanVer Sync="TRUE">DIS_ESRI1.0</mdStanVer>
	<mdChar>
		<CharSetCd Sync="TRUE" value="004"/>
	</mdChar>
	<mdHrLv>
		<ScopeCd Sync="TRUE" value="005"/>
	</mdHrLv>
	<mdHrLvName Sync="TRUE">dataset</mdHrLvName>
	<distinfo>
		<resdesc Sync="TRUE">Downloadable Data</resdesc>
	</distinfo>
	<distInfo>
		<distributor>
			<distorTran>
				<onLineSrc>
					<orDesc Sync="TRUE">002</orDesc>
					<linkage Sync="TRUE">file://\\GIS-4\Share\406_Batch3\QC\30th_2subm\3224.gdb</linkage>
					<protocol Sync="TRUE">Local Area Network</protocol>
				</onLineSrc>
			</distorTran>
			<distorFormat>
				<formatName Sync="TRUE">File Geodatabase Raster Dataset</formatName>
			</distorFormat>
		</distributor>
		<distFormat>
			<formatName Sync="TRUE">Raster Dataset</formatName>
		</distFormat>
	</distInfo>
	<spdoinfo>
		<direct Sync="TRUE">Raster</direct>
		<rastinfo>
			<rasttype Sync="TRUE">Pixel</rasttype>
			<rowcount Sync="TRUE">3493</rowcount>
			<colcount Sync="TRUE">2518</colcount>
			<rastxsz Sync="TRUE">1.000000</rastxsz>
			<rastysz Sync="TRUE">1.000000</rastysz>
			<rastbpp Sync="TRUE">32</rastbpp>
			<vrtcount Sync="TRUE">1</vrtcount>
			<rastorig Sync="TRUE">Upper Left</rastorig>
			<rastcmap Sync="TRUE">FALSE</rastcmap>
			<rastcomp Sync="TRUE">LZ77</rastcomp>
			<rastband Sync="TRUE">1</rastband>
			<rastdtyp Sync="TRUE">pixel codes</rastdtyp>
			<rastifor Sync="TRUE">FGDBR</rastifor>
			<rastplyr Sync="TRUE">FALSE</rastplyr>
		</rastinfo>
	</spdoinfo>
	<spref>
		<horizsys>
			<cordsysn>
				<geogcsn Sync="TRUE">GCS_North_American_1983</geogcsn>
				<projcsn Sync="TRUE">NAD_1983_UTM_Zone_15N</projcsn>
			</cordsysn>
			<planar>
				<planci>
					<plance Sync="TRUE">row and column</plance>
					<plandu Sync="TRUE">meters</plandu>
					<coordrep>
						<absres Sync="TRUE">1.000000</absres>
						<ordres Sync="TRUE">1.000000</ordres>
					</coordrep>
				</planci>
			</planar>
			<geodetic>
				<horizdn Sync="TRUE">North American Datum of 1983</horizdn>
				<ellips Sync="TRUE">Geodetic Reference System 80</ellips>
				<semiaxis Sync="TRUE">6378137.000000</semiaxis>
				<denflat Sync="TRUE">298.257222</denflat>
			</geodetic>
		</horizsys>
		<vertdef>
			<altsys>
				<altenc Sync="TRUE">Explicit elevation coordinate included with horizontal coordinates</altenc>
				<altres Sync="TRUE">0.000328</altres>
			</altsys>
		</vertdef>
	</spref>
	<refSysInfo>
		<RefSystem>
			<refSysID>
				<identCode Sync="TRUE" code="26915">NAD_1983_UTM_Zone_15N</identCode>
				<idCodeSpace Sync="TRUE">EPSG</idCodeSpace>
				<idVersion Sync="TRUE">6.13(3.0.1)</idVersion>
			</refSysID>
		</RefSystem>
	</refSysInfo>
	<mdDateSt Sync="TRUE">20200925</mdDateSt>
	<spatRepInfo>
		<Georect>
			<cellGeo>
				<CellGeoCd Sync="TRUE" value="002"/>
			</cellGeo>
			<numDims Sync="TRUE">2</numDims>
			<tranParaAv Sync="TRUE">1</tranParaAv>
			<chkPtAv Sync="TRUE">0</chkPtAv>
			<cornerPts>
				<pos Sync="TRUE">557185.967000 4917243.187000</pos>
			</cornerPts>
			<cornerPts>
				<pos Sync="TRUE">557185.967000 4920759.187000</pos>
			</cornerPts>
			<cornerPts>
				<pos Sync="TRUE">562192.967000 4920759.187000</pos>
			</cornerPts>
			<cornerPts>
				<pos Sync="TRUE">562192.967000 4917243.187000</pos>
			</cornerPts>
			<centerPt>
				<pos Sync="TRUE">559689.467000 4919001.187000</pos>
			</centerPt>
			<axisDimension type="002">
				<dimSize Sync="TRUE">5007</dimSize>
				<dimResol>
					<value Sync="TRUE" uom="m">1.000000</value>
				</dimResol>
			</axisDimension>
			<axisDimension type="001">
				<dimSize Sync="TRUE">3516</dimSize>
				<dimResol>
					<value Sync="TRUE" uom="m">1.000000</value>
				</dimResol>
			</axisDimension>
			<ptInPixel>
				<PixOrientCd Sync="TRUE" value="001"/>
			</ptInPixel>
		</Georect>
	</spatRepInfo>
	<contInfo>
		<ImgDesc>
			<contentTyp>
				<ContentTypCd Sync="TRUE" value="001"/>
			</contentTyp>
			<covDim>
				<Band>
					<dimDescrp Sync="TRUE">Band_1</dimDescrp>
					<bitsPerVal Sync="TRUE">32</bitsPerVal>
					<valUnit>
						<UOM type="length"/>
					</valUnit>
				</Band>
			</covDim>
		</ImgDesc>
	</contInfo>
</metadata>
